,mean_fit_time,std_fit_time,mean_score_time,std_score_time,param_C,param_penalty,param_random_state,param_solver,params,split0_test_score,split1_test_score,split2_test_score,split3_test_score,split4_test_score,mean_test_score,std_test_score,rank_test_score,param_alpha,param_loss,param_criterion,param_max_depth,param_splitter,param_n_estimators,param_algorithm,param_kernel,param_var_smoothing,param_activation,param_hidden_layer_sizes
0,2.927330493927002,0.5815497475427575,0.008062362670898438,0.0023078070577699523,1.0,l2,42,saga,"{'C': 1.0, 'penalty': 'l2', 'random_state': 42, 'solver': 'saga'}",0.8489443378119002,0.8477927063339731,0.8571976967370442,0.8525628719523901,0.8498752159723555,0.8512745657615326,0.0033542421080616606,8,,,,,,,,,,,
1,0.22342047691345215,0.028922250583709456,0.006272459030151367,0.0007501615236456714,1.0,l2,42,liblinear,"{'C': 1.0, 'penalty': 'l2', 'random_state': 42, 'solver': 'liblinear'}",0.8491362763915548,0.8477927063339731,0.8570057581573897,0.8527548473795354,0.8500671913995008,0.8513513559323908,0.0032607267793656625,1,,,,,,,,,,,
2,2.51440372467041,0.0535429923677956,0.005701541900634766,0.0004409959053146758,1.0,l2,1453,saga,"{'C': 1.0, 'penalty': 'l2', 'random_state': 1453, 'solver': 'saga'}",0.8491362763915548,0.8477927063339731,0.8571976967370442,0.8525628719523901,0.8498752159723555,0.8513129534774635,0.0033283524947429984,5,,,,,,,,,,,
3,0.21999125480651854,0.010969844770788674,0.00602869987487793,0.0006589753478008066,1.0,l2,1453,liblinear,"{'C': 1.0, 'penalty': 'l2', 'random_state': 1453, 'solver': 'liblinear'}",0.8491362763915548,0.8477927063339731,0.8570057581573897,0.8527548473795354,0.8500671913995008,0.8513513559323908,0.0032607267793656625,1,,,,,,,,,,,
4,2.9364624977111817,0.15577685648219503,0.0055027008056640625,0.0004350267479751499,1.0,l1,42,saga,"{'C': 1.0, 'penalty': 'l1', 'random_state': 42, 'solver': 'saga'}",0.8487523992322457,0.8479846449136277,0.8571976967370442,0.8525628719523901,0.8498752159723555,0.8512745657615326,0.003343240835293534,8,,,,,,,,,,,
5,2.2344006061553956,0.12480535891736837,0.0055561065673828125,0.0004125815703974411,1.0,l1,42,liblinear,"{'C': 1.0, 'penalty': 'l1', 'random_state': 42, 'solver': 'liblinear'}",0.8485604606525912,0.8479846449136277,0.8573896353166987,0.8523708965252448,0.8494912651180649,0.8511593805052454,0.0034612074628517816,19,,,,,,,,,,,
6,2.6291415214538576,0.02145578921449171,0.0053116798400878905,0.0003537679717915964,1.0,l1,1453,saga,"{'C': 1.0, 'penalty': 'l1', 'random_state': 1453, 'solver': 'saga'}",0.8487523992322457,0.8479846449136277,0.8571976967370442,0.8525628719523901,0.8498752159723555,0.8512745657615326,0.003343240835293534,8,,,,,,,,,,,
7,2.6168237686157227,0.06427988607389729,0.005573701858520508,0.0004160165342671628,1.0,l1,1453,liblinear,"{'C': 1.0, 'penalty': 'l1', 'random_state': 1453, 'solver': 'liblinear'}",0.8485604606525912,0.8479846449136277,0.8573896353166987,0.8523708965252448,0.8494912651180649,0.8511593805052454,0.0034612074628517816,19,,,,,,,,,,,
8,2.152951145172119,0.016296651991862136,0.005493545532226562,0.0004497008388688476,0.8,l2,42,saga,"{'C': 0.8, 'penalty': 'l2', 'random_state': 42, 'solver': 'saga'}",0.8489443378119002,0.8476007677543186,0.8570057581573897,0.8525628719523901,0.8500671913995008,0.8512361854150999,0.003313108534591636,13,,,,,,,,,,,
9,0.17115120887756347,0.013110286877738568,0.005560445785522461,0.00030690157451616554,0.8,l2,42,liblinear,"{'C': 0.8, 'penalty': 'l2', 'random_state': 42, 'solver': 'liblinear'}",0.8489443378119002,0.8477927063339731,0.8568138195777352,0.8525628719523901,0.8500671913995008,0.8512361854150999,0.0032045829883895986,13,,,,,,,,,,,
10,2.1457115650177,0.012399553324736913,0.005285501480102539,0.00038513322852052207,0.8,l2,1453,saga,"{'C': 0.8, 'penalty': 'l2', 'random_state': 1453, 'solver': 'saga'}",0.8489443378119002,0.8476007677543186,0.8570057581573897,0.8525628719523901,0.8500671913995008,0.8512361854150999,0.003313108534591636,13,,,,,,,,,,,
11,0.1770472049713135,0.015132340613376254,0.00550684928894043,0.0004066181608958257,0.8,l2,1453,liblinear,"{'C': 0.8, 'penalty': 'l2', 'random_state': 1453, 'solver': 'liblinear'}",0.8489443378119002,0.8477927063339731,0.8568138195777352,0.8525628719523901,0.8500671913995008,0.8512361854150999,0.0032045829883895986,13,,,,,,,,,,,
12,2.6050342559814452,0.016557032253271438,0.00522909164428711,0.00012914107785221056,0.8,l1,42,saga,"{'C': 0.8, 'penalty': 'l1', 'random_state': 42, 'solver': 'saga'}",0.8489443378119002,0.8477927063339731,0.8573896353166987,0.8519869456709541,0.8502591668266462,0.8512745583920346,0.003361127881146342,11,,,,,,,,,,,
13,1.9925196647644043,0.22473788625013041,0.005500078201293945,0.00046286273716331506,0.8,l1,42,liblinear,"{'C': 0.8, 'penalty': 'l1', 'random_state': 42, 'solver': 'liblinear'}",0.8485604606525912,0.8479846449136277,0.8575815738963531,0.8519869456709541,0.8498752159723555,0.8511977682211764,0.003475758133050903,17,,,,,,,,,,,
14,2.6180006980896,0.017728217478007964,0.0052926063537597655,0.00037646697998291166,0.8,l1,1453,saga,"{'C': 0.8, 'penalty': 'l1', 'random_state': 1453, 'solver': 'saga'}",0.8489443378119002,0.8477927063339731,0.8573896353166987,0.8519869456709541,0.8502591668266462,0.8512745583920346,0.003361127881146342,11,,,,,,,,,,,
15,2.2123319149017333,0.0752446055014464,0.005653667449951172,0.0003713377872965523,0.8,l1,1453,liblinear,"{'C': 0.8, 'penalty': 'l1', 'random_state': 1453, 'solver': 'liblinear'}",0.8485604606525912,0.8479846449136277,0.8575815738963531,0.8519869456709541,0.8498752159723555,0.8511977682211764,0.003475758133050903,17,,,,,,,,,,,
16,2.1432301998138428,0.010131632461671619,0.005700922012329102,0.000442823334497525,0.6,l2,42,saga,"{'C': 0.6, 'penalty': 'l2', 'random_state': 42, 'solver': 'saga'}",0.8485604606525912,0.8476007677543186,0.8568138195777352,0.8529468228066808,0.8504511422537915,0.8512746026090234,0.0033172567302476334,6,,,,,,,,,,,
17,0.16213183403015136,0.0159973570011141,0.005398082733154297,0.0003712116300980033,0.6,l2,42,liblinear,"{'C': 0.6, 'penalty': 'l2', 'random_state': 42, 'solver': 'liblinear'}",0.8485604606525912,0.8474088291746641,0.8570057581573897,0.8529468228066808,0.8506431176809368,0.8513129976944527,0.0034159811889400565,3,,,,,,,,,,,
18,2.130975580215454,0.00656589406865073,0.005965328216552735,0.0015316099974791526,0.6,l2,1453,saga,"{'C': 0.6, 'penalty': 'l2', 'random_state': 1453, 'solver': 'saga'}",0.8485604606525912,0.8476007677543186,0.8568138195777352,0.8529468228066808,0.8504511422537915,0.8512746026090234,0.0033172567302476334,6,,,,,,,,,,,
19,0.1580754280090332,0.013989472334427596,0.00563502311706543,0.00047594401637747084,0.6,l2,1453,liblinear,"{'C': 0.6, 'penalty': 'l2', 'random_state': 1453, 'solver': 'liblinear'}",0.8485604606525912,0.8474088291746641,0.8570057581573897,0.8529468228066808,0.8506431176809368,0.8513129976944527,0.0034159811889400565,3,,,,,,,,,,,
20,2.5797582149505613,0.015685561400449594,0.005350875854492188,0.0009636604964878303,0.6,l1,42,saga,"{'C': 0.6, 'penalty': 'l1', 'random_state': 42, 'solver': 'saga'}",0.8477927063339731,0.8481765834932822,0.8564299424184261,0.8521789210980995,0.8496832405452102,0.8508522787777982,0.0031861352990054993,22,,,,,,,,,,,
21,1.4833942890167235,0.26252991678294,0.005238151550292969,9.147181014017889e-05,0.6,l1,42,liblinear,"{'C': 0.6, 'penalty': 'l1', 'random_state': 42, 'solver': 'liblinear'}",0.8476007677543186,0.8481765834932822,0.8571976967370442,0.8517949702438088,0.8498752159723555,0.850929046840162,0.0034586081165054036,21,,,,,,,,,,,
22,2.5914512634277345,0.016429932690228733,0.005255651473999023,0.0002300534165088367,0.6,l1,1453,saga,"{'C': 0.6, 'penalty': 'l1', 'random_state': 1453, 'solver': 'saga'}",0.8477927063339731,0.8479846449136277,0.8564299424184261,0.8521789210980995,0.8496832405452102,0.8508138910618672,0.0032191272530774115,24,,,,,,,,,,,
23,1.5799953937530518,0.16611858910568653,0.0056072711944580075,0.0003844087334641434,0.6,l1,1453,liblinear,"{'C': 0.6, 'penalty': 'l1', 'random_state': 1453, 'solver': 'liblinear'}",0.8476007677543186,0.8481765834932822,0.8571976967370442,0.8514110193895181,0.8498752159723555,0.8508522566693039,0.0034427559037327254,23,,,,,,,,,,,
0,0.25961551666259763,0.01709785603066763,0.005472660064697266,0.0003983135266270245,,l2,42,,"{'alpha': 0.0001, 'loss': 'hinge', 'penalty': 'l2', 'random_state': 42}",0.8464491362763915,0.8472168905950096,0.8476007677543186,0.8425801497408332,0.845459781148013,0.8458613451029132,0.001796445925654016,9,0.0001,hinge,,,,,,,,,
1,0.2569131374359131,0.03441773196713635,0.005797004699707032,0.0007247515183719439,,l2,1453,,"{'alpha': 0.0001, 'loss': 'hinge', 'penalty': 'l2', 'random_state': 1453}",0.8370441458733205,0.844337811900192,0.8564299424184261,0.847187559992321,0.8373968132079094,0.8444792546784337,0.007150044493831136,10,0.0001,hinge,,,,,,,,,
2,0.3394296646118164,0.04197760871604782,0.005386734008789062,0.00034025479153036747,,l1,42,,"{'alpha': 0.0001, 'loss': 'hinge', 'penalty': 'l1', 'random_state': 42}",0.8531669865642995,0.8499040307101727,0.8506717850287908,0.8356690343636014,0.8450758302937224,0.8468975333921174,0.006196577074977383,8,0.0001,hinge,,,,,,,,,
3,0.35016303062438964,0.04135419244588767,0.005300378799438477,0.0004866743935967986,,l1,1453,,"{'alpha': 0.0001, 'loss': 'hinge', 'penalty': 'l1', 'random_state': 1453}",0.8481765834932822,0.845489443378119,0.853358925143954,0.8446918794394318,0.8444999040122865,0.8472433470934145,0.0033281787945215412,7,0.0001,hinge,,,,,,,,,
4,0.2374660015106201,0.009898337450003134,0.00559077262878418,0.0003130637893786819,,l2,42,,"{'alpha': 0.0001, 'loss': 'perceptron', 'penalty': 'l2', 'random_state': 42}",0.8207293666026871,0.7886756238003839,0.7852207293666027,0.8228066807448646,0.7682856594355922,0.7971436119900261,0.021267460112716977,18,0.0001,perceptron,,,,,,,,,
5,0.23743915557861328,0.009583187820280569,0.005336189270019531,0.0004551770873926103,,l2,1453,,"{'alpha': 0.0001, 'loss': 'perceptron', 'penalty': 'l2', 'random_state': 1453}",0.8151631477927064,0.7998080614203454,0.8105566218809981,0.7696294874256095,0.8268381647149164,0.8043990966469152,0.01942830419615606,15,0.0001,perceptron,,,,,,,,,
6,0.28995399475097655,0.017055971396964496,0.005315637588500977,0.0005740322805505855,,l1,42,,"{'alpha': 0.0001, 'loss': 'perceptron', 'penalty': 'l1', 'random_state': 42}",0.8049904030710173,0.7990403071017275,0.8351247600767754,0.7208677289306968,0.8214628527548474,0.796297210387013,0.03978339106233394,19,0.0001,perceptron,,,,,,,,,
7,0.3191390514373779,0.034836559910114674,0.006182670593261719,0.0005789465489268078,,l1,1453,,"{'alpha': 0.0001, 'loss': 'perceptron', 'penalty': 'l1', 'random_state': 1453}",0.8251439539347409,0.7900191938579655,0.8165067178502879,0.7306584757151084,0.80533691687464,0.7935330516465486,0.03356167222220682,20,0.0001,perceptron,,,,,,,,,
8,6.488418674468994,0.9083580145684087,0.0054991722106933595,0.00045237547481500646,,l2,42,,"{'alpha': 0.0001, 'loss': 'squared_error', 'penalty': 'l2', 'random_state': 42}",0.41938579654510555,0.5750479846449136,0.427447216890595,0.39508542906507965,0.565751583797274,0.4765436021885936,0.07742619855026368,34,0.0001,squared_error,,,,,,,,,
9,7.088386297225952,0.02636832490619565,0.005728578567504883,0.0007217942293880675,,l2,1453,,"{'alpha': 0.0001, 'loss': 'squared_error', 'penalty': 'l2', 'random_state': 1453}",0.5502879078694818,0.537236084452975,0.45335892514395393,0.4822422729890574,0.5452102130927241,0.5136670807096385,0.03877149542607737,27,0.0001,squared_error,,,,,,,,,
10,3.6170626163482664,3.745774073842101,0.0051763057708740234,0.00046308226647126353,,l1,42,,"{'alpha': 0.0001, 'loss': 'squared_error', 'penalty': 'l1', 'random_state': 42}",0.571785028790787,0.4314779270633397,0.4322456813819578,0.5043194471107698,0.5200614321366865,0.49197790329670815,0.05392283567202132,31,0.0001,squared_error,,,,,,,,,
11,5.161672735214234,3.0260047171849145,0.005465507507324219,0.0003198448286099807,,l1,1453,,"{'alpha': 0.0001, 'loss': 'squared_error', 'penalty': 'l1', 'random_state': 1453}",0.399616122840691,0.5358925143953934,0.5806142034548945,0.5198694567095412,0.41985025916682667,0.4911685113134693,0.06970314983597438,32,0.0001,squared_error,,,,,,,,,
12,0.12435531616210938,0.0085542080490601,0.005681085586547852,0.0005109268518510564,,l2,42,,"{'alpha': 0.001, 'loss': 'hinge', 'penalty': 'l2', 'random_state': 42}",0.845489443378119,0.8477927063339731,0.855278310940499,0.8504511422537915,0.8475715108466116,0.8493166227505988,0.0033717621306418896,2,0.001,hinge,,,,,,,,,
13,0.12248315811157226,0.00669674742888229,0.005887556076049805,0.0004414815672710475,,l2,1453,,"{'alpha': 0.001, 'loss': 'hinge', 'penalty': 'l2', 'random_state': 1453}",0.8487523992322457,0.8485604606525912,0.854510556621881,0.8535227490881168,0.845459781148013,0.8501611893485694,0.00337245728153637,1,0.001,hinge,,,,,,,,,
14,0.16323528289794922,0.016621877575431064,0.005675554275512695,0.0009006549927163657,,l1,42,,"{'alpha': 0.001, 'loss': 'hinge', 'penalty': 'l1', 'random_state': 42}",0.845873320537428,0.8437619961612284,0.854510556621881,0.8510270685352275,0.8498752159723555,0.8490096315656241,0.003806667544430586,3,0.001,hinge,,,,,,,,,
15,0.16205015182495117,0.01644702158539685,0.005333089828491211,0.00042807057243411857,,l1,1453,,"{'alpha': 0.001, 'loss': 'hinge', 'penalty': 'l1', 'random_state': 1453}",0.8481765834932822,0.8470249520153551,0.845489443378119,0.8498752159723555,0.8481474371280476,0.8477427263974319,0.0014485868265963447,6,0.001,hinge,,,,,,,,,
16,0.11038665771484375,0.003215003092024626,0.005805873870849609,0.0003993877878008895,,l2,42,,"{'alpha': 0.001, 'loss': 'perceptron', 'penalty': 'l2', 'random_state': 42}",0.8239923224568139,0.7961612284069098,0.8128598848368522,0.7991937032059896,0.8222307544634286,0.8108875786739989,0.01147086791706247,14,0.001,perceptron,,,,,,,,,
17,0.10920047760009766,0.004337464643759151,0.0053313255310058595,0.0004097225161738737,,l2,1453,,"{'alpha': 0.001, 'loss': 'perceptron', 'penalty': 'l2', 'random_state': 1453}",0.7942418426103647,0.7952015355086373,0.7564299424184261,0.6978306776732578,0.8189671722019581,0.7725342340825289,0.0423816330844818,24,0.001,perceptron,,,,,,,,,
18,0.13483066558837892,0.0046744984344479655,0.005632781982421875,0.0005238332706387654,,l1,42,,"{'alpha': 0.001, 'loss': 'perceptron', 'penalty': 'l1', 'random_state': 42}",0.7846449136276391,0.7806142034548944,0.800383877159309,0.7289306968708006,0.8066807448646574,0.7802508871954602,0.02741195382765993,23,0.001,perceptron,,,,,,,,,
19,0.13768701553344725,0.004395333936394364,0.005579566955566407,0.0004149670431029492,,l1,1453,,"{'alpha': 0.001, 'loss': 'perceptron', 'penalty': 'l1', 'random_state': 1453}",0.7708253358925143,0.8049904030710173,0.8019193857965451,0.823574582453446,0.8036091380303321,0.8009837690487709,0.016992333553114608,17,0.001,perceptron,,,,,,,,,
20,7.068283605575561,0.011451653744243534,0.005543184280395508,0.00038846601960296814,,l2,42,,"{'alpha': 0.001, 'loss': 'squared_error', 'penalty': 'l2', 'random_state': 42}",0.5512476007677544,0.4600767754318618,0.536084452975048,0.5342676137454406,0.5484737953541947,0.5260300476548598,0.033640539455107595,25,0.001,squared_error,,,,,,,,,
21,7.064958715438843,0.007725283124791954,0.005254173278808593,0.0004752973155317201,,l2,1453,,"{'alpha': 0.001, 'loss': 'squared_error', 'penalty': 'l2', 'random_state': 1453}",0.5497120921305182,0.5351247600767755,0.5391554702495202,0.5311960069111153,0.45459781148013056,0.521957228169612,0.034240741668472505,26,0.001,squared_error,,,,,,,,,
22,10.78165373802185,0.04955007308574078,0.005204677581787109,0.00016032297758113205,,l1,42,,"{'alpha': 0.001, 'loss': 'squared_error', 'penalty': 'l1', 'random_state': 42}",0.4875239923224568,0.4036468330134357,0.4285988483685221,0.39969283931656746,0.3885582645421386,0.42160415551262415,0.035465342891335405,36,0.001,squared_error,,,,,,,,,
23,10.794215059280395,0.02411864648953798,0.0052734375,0.00019513104063418994,,l1,1453,,"{'alpha': 0.001, 'loss': 'squared_error', 'penalty': 'l1', 'random_state': 1453}",0.48502879078694816,0.5134357005758158,0.42994241842610365,0.43348051449414476,0.5116145133422921,0.47470038752506094,0.036529732565346223,35,0.001,squared_error,,,,,,,,,
24,0.08383116722106934,0.002224742851110349,0.0054413795471191405,0.00046947773381300054,,l2,42,,"{'alpha': 0.01, 'loss': 'hinge', 'penalty': 'l2', 'random_state': 42}",0.8452975047984644,0.8464491362763915,0.8518234165067179,0.8500671913995008,0.847187559992321,0.8481649617946792,0.0024134808665949355,5,0.01,hinge,,,,,,,,,
25,0.08206892013549805,0.0008092397637893697,0.00544133186340332,0.0004550582841430086,,l2,1453,,"{'alpha': 0.01, 'loss': 'hinge', 'penalty': 'l2', 'random_state': 1453}",0.8460652591170825,0.8456813819577735,0.8512476007677543,0.8510270685352275,0.8473795354194663,0.8482801691594608,0.0024009068736452386,4,0.01,hinge,,,,,,,,,
26,0.10670914649963378,0.005972762460665415,0.005860424041748047,0.0004378446069444756,,l1,42,,"{'alpha': 0.01, 'loss': 'hinge', 'penalty': 'l1', 'random_state': 42}",0.8456813819577735,0.8410748560460652,0.8445297504798465,0.8381647149164907,0.8414282971779612,0.8421758001156274,0.002671697188307425,11,0.01,hinge,,,,,,,,,
27,0.10788140296936036,0.004795857454628036,0.005656099319458008,0.0004716903344754676,,l1,1453,,"{'alpha': 0.01, 'loss': 'hinge', 'penalty': 'l1', 'random_state': 1453}",0.8431861804222649,0.8366602687140116,0.8460652591170825,0.8418122480322519,0.8423881743136878,0.8420224261198597,0.0030538336999480315,12,0.01,hinge,,,,,,,,,
28,0.07807507514953613,0.002176897234834294,0.00562286376953125,0.00045167570151821295,,l2,42,,"{'alpha': 0.01, 'loss': 'perceptron', 'penalty': 'l2', 'random_state': 42}",0.7946257197696737,0.7871401151631477,0.8147792706333973,0.8066807448646574,0.8180072950662315,0.8042466290994215,0.011759354578165258,16,0.01,perceptron,,,,,,,,,
29,0.07898421287536621,0.000789806768094152,0.005542230606079101,0.0005735846288773228,,l2,1453,,"{'alpha': 0.01, 'loss': 'perceptron', 'penalty': 'l2', 'random_state': 1453}",0.8149712092130518,0.8197696737044146,0.8201535508637237,0.8072566711460933,0.8333653292378576,0.8191032868330282,0.008513158617635649,13,0.01,perceptron,,,,,,,,,
30,0.0998321533203125,0.0020548526550515467,0.005823278427124023,0.0004034971013055823,,l1,42,,"{'alpha': 0.01, 'loss': 'perceptron', 'penalty': 'l1', 'random_state': 42}",0.8082533589251439,0.7786948176583494,0.7788867562380039,0.8045690151660587,0.7682856594355922,0.7877379214846295,0.015765026100511725,21,0.01,perceptron,,,,,,,,,
31,0.10076236724853516,0.0004686208481239915,0.005291652679443359,0.00036816613350854586,,l1,1453,,"{'alpha': 0.01, 'loss': 'perceptron', 'penalty': 'l1', 'random_state': 1453}",0.8015355086372361,0.7928982725527831,0.7940499040307102,0.7291226722979459,0.8133998848147437,0.7862012484666838,0.02945953406758199,22,0.01,perceptron,,,,,,,,,
32,7.110688257217407,0.042813144759911444,0.005550527572631836,0.00038999189190485755,,l2,42,,"{'alpha': 0.01, 'loss': 'squared_error', 'penalty': 'l2', 'random_state': 42}",0.5138195777351248,0.49654510556621884,0.5001919385796545,0.4928009214820503,0.4974083317335381,0.5001531750193172,0.007230214764754423,29,0.01,squared_error,,,,,,,,,
33,7.035254621505738,0.06085459897061539,0.005404853820800781,0.0006439142776268656,,l2,1453,,"{'alpha': 0.01, 'loss': 'squared_error', 'penalty': 'l2', 'random_state': 1453}",0.5136276391554703,0.5032629558541267,0.49961612284069096,0.5071990785179497,0.4966404300249568,0.5040692452786388,0.005946872249633713,28,0.01,squared_error,,,,,,,,,
34,10.753620195388795,0.0418449252985107,0.005175876617431641,0.0005277164046800586,,l1,42,,"{'alpha': 0.01, 'loss': 'squared_error', 'penalty': 'l1', 'random_state': 42}",0.5533589251439539,0.41151631477927064,0.41919385796545106,0.5467460165098867,0.5354194663083125,0.49324691614137495,0.06390286062198948,30,0.01,squared_error,,,,,,,,,
35,10.742834091186523,0.025766458300924003,0.005713987350463867,0.00036051025403016987,,l1,1453,,"{'alpha': 0.01, 'loss': 'squared_error', 'penalty': 'l1', 'random_state': 1453}",0.4669865642994242,0.44088291746641073,0.48406909788867564,0.49376079861777694,0.5127663659051641,0.4796931488354903,0.024407280624209608,33,0.01,squared_error,,,,,,,,,
0,0.25462589263916013,0.005094762044814682,0.006620168685913086,0.0007744560213655363,,,,,"{'criterion': 'gini', 'max_depth': None, 'splitter': 'best'}",0.8122840690978886,0.8117082533589252,0.8155470249520154,0.8208869264734114,0.815895565367633,0.8152643678499747,0.003274739737528865,7,,,gini,,best,,,,,,
1,0.2012662410736084,0.00583226619582533,0.006918907165527344,0.0003924304919905677,,,,,"{'criterion': 'gini', 'max_depth': None, 'splitter': 'random'}",0.809021113243762,0.8130518234165067,0.8159309021113244,0.804760990593204,0.8099443271261278,0.8105418312981849,0.0037796787841324815,13,,,gini,,random,,,,,,
2,0.24935970306396485,0.007035739286271219,0.006871795654296875,0.00039468340727874697,,,,,"{'criterion': 'gini', 'max_depth': 100, 'splitter': 'best'}",0.8086372360844529,0.8124760076775431,0.8138195777351248,0.8212708773277021,0.815319639086197,0.814304667582204,0.004129342183945163,9,,,gini,100,best,,,,,,
3,0.20402512550354004,0.008133282579905846,0.0065730571746826175,0.00041153371751863273,,,,,"{'criterion': 'gini', 'max_depth': 100, 'splitter': 'random'}",0.8040307101727447,0.8080614203454894,0.8086372360844529,0.8045690151660587,0.8051449414474947,0.8060886646432481,0.0018879674816076825,18,,,gini,100,random,,,,,,
4,0.16347036361694336,0.0006191863450395545,0.0063610076904296875,0.00037379121579385886,,,,,"{'criterion': 'gini', 'max_depth': 10, 'splitter': 'best'}",0.8535508637236084,0.8568138195777352,0.8520153550863724,0.8558264542138606,0.8473795354194663,0.8531172056042087,0.003326498939582912,3,,,gini,10,best,,,,,,
5,0.1272834300994873,0.005801473751372554,0.00635676383972168,0.00036727607570926653,,,,,"{'criterion': 'gini', 'max_depth': 10, 'splitter': 'random'}",0.8428023032629558,0.8506717850287908,0.8418426103646833,0.838932616625072,0.8345171818007295,0.8417532994164464,0.005309716012954072,5,,,gini,10,random,,,,,,
6,0.24752678871154785,0.004576821266001984,0.0066737174987792965,0.0005747202093718965,,,,,"{'criterion': 'entropy', 'max_depth': None, 'splitter': 'best'}",0.8117082533589252,0.8174664107485604,0.8161228406909788,0.8093684008446919,0.8160875407947783,0.8141506892875869,0.0030812516853459394,10,,,entropy,,best,,,,,,
7,0.1947427749633789,0.005058836153488449,0.00682673454284668,0.0005195950042005845,,,,,"{'criterion': 'entropy', 'max_depth': None, 'splitter': 'random'}",0.7952015355086373,0.8036468330134356,0.8080614203454894,0.8166634670762143,0.8097523516989825,0.8066651215285517,0.007098893212301812,17,,,entropy,,random,,,,,,
8,0.2493283748626709,0.004278543349117412,0.006710958480834961,0.0004508447899006597,,,,,"{'criterion': 'entropy', 'max_depth': 100, 'splitter': 'best'}",0.8113243761996162,0.818809980806142,0.8165067178502879,0.8080245728546745,0.815319639086197,0.8139970573593835,0.0038477433918812443,11,,,entropy,100,best,,,,,,
9,0.19659085273742677,0.0036678845452068334,0.006734132766723633,0.0005563674374874757,,,,,"{'criterion': 'entropy', 'max_depth': 100, 'splitter': 'random'}",0.8036468330134356,0.8099808061420346,0.8178502879078695,0.8051449414474947,0.7999616049145709,0.807316894685081,0.0061698592882575174,16,,,entropy,100,random,,,,,,
10,0.17400412559509276,0.002577000614140928,0.006139612197875977,0.00014418585873341304,,,,,"{'criterion': 'entropy', 'max_depth': 10, 'splitter': 'best'}",0.8522072936660269,0.8564299424184261,0.8558541266794626,0.8535227490881168,0.8502591668266462,0.8536546557357356,0.002288295866346194,1,,,entropy,10,best,,,,,,
11,0.1326145648956299,0.0035865263297621248,0.006020545959472656,0.00026072682290368917,,,,,"{'criterion': 'entropy', 'max_depth': 10, 'splitter': 'random'}",0.8370441458733205,0.8401151631477927,0.8399232245681382,0.8450758302937224,0.8308696486849684,0.8386056025135884,0.004651061753874478,6,,,entropy,10,random,,,,,,
12,0.2521805286407471,0.005437121808210591,0.007033586502075195,7.657194154053481e-05,,,,,"{'criterion': 'log_loss', 'max_depth': None, 'splitter': 'best'}",0.8119001919385797,0.8161228406909788,0.8161228406909788,0.8057208677289307,0.8183912459205221,0.8136515973939981,0.004486474096891136,12,,,log_loss,,best,,,,,,
13,0.19693989753723146,0.008745901188611736,0.007813119888305664,0.0020162052032630245,,,,,"{'criterion': 'log_loss', 'max_depth': None, 'splitter': 'random'}",0.8099808061420346,0.8155470249520154,0.8136276391554702,0.8016893837588789,0.7970819735073911,0.807585365503158,0.007081229724687669,15,,,log_loss,,random,,,,,,
14,0.24608535766601564,0.0031429647319397356,0.006395959854125976,0.0003845406425335586,,,,,"{'criterion': 'log_loss', 'max_depth': 100, 'splitter': 'best'}",0.807869481765835,0.8207293666026871,0.8182341650671785,0.8097523516989825,0.8168554425033596,0.8146881615276085,0.004992474717965682,8,,,log_loss,100,best,,,,,,
15,0.19576048851013184,0.006425610163100212,0.006678533554077148,0.0005189247364240118,,,,,"{'criterion': 'log_loss', 'max_depth': 100, 'splitter': 'random'}",0.8001919385796545,0.8076775431861805,0.8193857965451056,0.807640622000384,0.8039930888846227,0.8077777978391895,0.006428744585671472,14,,,log_loss,100,random,,,,,,
16,0.17367539405822754,0.0034784436970864904,0.006061029434204101,8.511769000567755e-05,,,,,"{'criterion': 'log_loss', 'max_depth': 10, 'splitter': 'best'}",0.8514395393474088,0.8560460652591171,0.8566218809980806,0.8527548473795354,0.8506431176809368,0.8535010901330157,0.0024162413141715433,2,,,log_loss,10,best,,,,,,
17,0.13909926414489746,0.005767785104453377,0.0067827701568603516,0.0007423418582628552,,,,,"{'criterion': 'log_loss', 'max_depth': 10, 'splitter': 'random'}",0.8374280230326295,0.8437619961612284,0.8476007677543186,0.8494912651180649,0.8393165674793627,0.8435197239091208,0.00462921726995715,4,,,log_loss,10,random,,,,,,
0,3.1463079929351805,0.008228116426035412,0.11575274467468262,0.0038389091562129277,,,,,"{'criterion': 'gini', 'n_estimators': 100}",0.8464491362763915,0.8562380038387716,0.8564299424184261,0.8517949702438088,0.8500671913995008,0.8521958488353798,0.0037942893116254413,9,,,gini,,,100,,,,,
1,6.241459131240845,0.03488900888261298,0.22124719619750977,0.004756949592178012,,,,,"{'criterion': 'gini', 'n_estimators': 200}",0.8483685220729367,0.8568138195777352,0.8587332053742802,0.8537147245152621,0.8529468228066808,0.854115418869379,0.003554105065971994,3,,,gini,,,200,,,,,
2,9.389346742630005,0.031124687511214673,0.32175278663635254,0.005264525528827726,,,,,"{'criterion': 'gini', 'n_estimators': 300}",0.8489443378119002,0.8598848368522073,0.8591170825335892,0.8533307736609714,0.8521789210980995,0.8546911903913536,0.00418929660127194,1,,,gini,,,300,,,,,
3,3.295690679550171,0.022381382488830367,0.11415815353393555,0.0019244423633844553,,,,,"{'criterion': 'entropy', 'n_estimators': 100}",0.8506717850287908,0.8585412667946257,0.8575815738963531,0.8523708965252448,0.8523708965252448,0.8543072837540517,0.0031420894419156007,2,,,entropy,,,100,,,,,
4,6.59109845161438,0.011768803152320319,0.21740493774414063,0.005704500296304612,,,,,"{'criterion': 'entropy', 'n_estimators': 200}",0.8497120921305182,0.8571976967370442,0.8579654510556622,0.8516029948166635,0.8519869456709541,0.8536930360821685,0.0032760680011409827,5,,,entropy,,,200,,,,,
5,9.88027319908142,0.04856239406440639,0.3271742343902588,0.008993668907018578,,,,,"{'criterion': 'entropy', 'n_estimators': 300}",0.8499040307101727,0.855278310940499,0.8591170825335892,0.8514110193895181,0.8504511422537915,0.8532323171655142,0.0034913064652598194,6,,,entropy,,,300,,,,,
6,3.3016395568847656,0.014546158885813266,0.11094508171081544,0.002629238566083523,,,,,"{'criterion': 'log_loss', 'n_estimators': 100}",0.8493282149712092,0.8566218809980806,0.8547024952015355,0.8508350931080821,0.8504511422537915,0.8523877653065398,0.0027859597353464913,8,,,log_loss,,,100,,,,,
7,6.601078462600708,0.0466354306780788,0.21832079887390138,0.0068297920972022865,,,,,"{'criterion': 'log_loss', 'n_estimators': 200}",0.8477927063339731,0.855278310940499,0.8598848368522073,0.8537147245152621,0.8531387982338261,0.8539618753751534,0.003888744307437799,4,,,log_loss,,,200,,,,,
8,9.90233325958252,0.05868033115216904,0.32666993141174316,0.009886374948116415,,,,,"{'criterion': 'log_loss', 'n_estimators': 300}",0.8481765834932822,0.8568138195777352,0.8571976967370442,0.8521789210980995,0.8512190439623728,0.8531172129737069,0.0034411772703557804,7,,,log_loss,,,300,,,,,
0,4.187508821487427,0.009245645342973218,0.014380598068237304,0.00070658089225846,,,,,"{'criterion': 'friedman_mse', 'n_estimators': 100}",0.8658349328214971,0.863915547024952,0.8664107485604606,0.8648492992896909,0.8636974467268189,0.8649415948846839,0.0010550509483842384,5,,,friedman_mse,,,100,,,,,
1,8.257550764083863,0.01726722274013,0.01836395263671875,0.00026320430661336454,,,,,"{'criterion': 'friedman_mse', 'n_estimators': 200}",0.8694817658349329,0.8689059500959693,0.872936660268714,0.8709925129583413,0.8688807832597427,0.8702395344835401,0.0015517944204255518,3,,,friedman_mse,,,200,,,,,
2,12.30315523147583,0.02679519294370361,0.02310209274291992,0.00020323700305346259,,,,,"{'criterion': 'friedman_mse', 'n_estimators': 300}",0.8712092130518234,0.8702495201535508,0.8742802303262955,0.872528316375504,0.87022461124976,0.8716983782313867,0.0015404686937283993,2,,,friedman_mse,,,300,,,,,
3,4.17831768989563,0.0050276299047644,0.013933515548706055,0.00033740481792671396,,,,,"{'criterion': 'squared_error', 'n_estimators': 100}",0.8658349328214971,0.863915547024952,0.8664107485604606,0.8646573238625456,0.8636974467268189,0.8649031997992548,0.0010611864249677665,6,,,squared_error,,,100,,,,,
4,8.267493343353271,0.008098166687240548,0.01862368583679199,0.00023313751218019164,,,,,"{'criterion': 'squared_error', 'n_estimators': 200}",0.8692898272552783,0.8689059500959693,0.872552783109405,0.8709925129583413,0.8688807832597427,0.8701243713357474,0.0014407205878926288,4,,,squared_error,,,200,,,,,
5,12.299658584594727,0.03877035405092276,0.022666072845458983,0.00045556290911931137,,,,,"{'criterion': 'squared_error', 'n_estimators': 300}",0.8708253358925144,0.8702495201535508,0.8750479846449136,0.872528316375504,0.8700326358226147,0.8717367585778195,0.001872825972758568,1,,,squared_error,,,300,,,,,
0,4.199279689788819,0.02423848820108627,0.1498197555541992,0.0008368590835249974,,,,,"{'criterion': 'gini', 'n_estimators': 100}",0.8241842610364684,0.837236084452975,0.8426103646833013,0.8295258206949511,0.8320215012478402,0.8331156064231072,0.00634005255085795,5,,,gini,,,100,,,,,
1,8.395125150680542,0.032080576844220395,0.2953681945800781,0.005837895260050713,,,,,"{'criterion': 'gini', 'n_estimators': 200}",0.8261036468330134,0.8351247600767754,0.8403071017274473,0.8304856978306777,0.8302937224035324,0.8324629857742891,0.004851221711644399,8,,,gini,,,200,,,,,
2,12.61627950668335,0.051605283005106896,0.4484827995300293,0.010017348559577624,,,,,"{'criterion': 'gini', 'n_estimators': 300}",0.8247600767754318,0.836468330134357,0.8406909788867563,0.8318295258206949,0.8331733538107122,0.8333844530855904,0.005286546044010306,2,,,gini,,,300,,,,,
3,4.294275617599487,0.02436320123352267,0.1529379367828369,0.0041615395059920145,,,,,"{'criterion': 'entropy', 'n_estimators': 100}",0.8257197696737044,0.8351247600767754,0.8412667946257197,0.8320215012478402,0.8314455749664043,0.8331156801180889,0.005082578871321985,4,,,entropy,,,100,,,,,
4,8.590309381484985,0.03121242342991317,0.3034205913543701,0.0064563200309437135,,,,,"{'criterion': 'entropy', 'n_estimators': 200}",0.8243761996161229,0.8337811900191938,0.8420345489443378,0.8301017469763871,0.8295258206949511,0.8319639012501986,0.005860128921286533,9,,,entropy,,,200,,,,,
5,12.874450588226319,0.0391766972281186,0.4504090309143066,0.011102121783818374,,,,,"{'criterion': 'entropy', 'n_estimators': 300}",0.8272552783109405,0.8335892514395393,0.8395393474088292,0.8314455749664043,0.8339412555192935,0.8331541415290014,0.003982348808428672,3,,,entropy,,,300,,,,,
6,4.2996330738067625,0.023364141215780523,0.15174732208251954,0.0037098651905947693,,,,,"{'criterion': 'log_loss', 'n_estimators': 100}",0.8261036468330134,0.8345489443378119,0.8395393474088292,0.8324054521021309,0.8345171818007295,0.8334229144965029,0.004347022534134604,1,,,log_loss,,,100,,,,,
7,8.52768087387085,0.03266693450288658,0.29761734008789065,0.005985711669048426,,,,,"{'criterion': 'log_loss', 'n_estimators': 200}",0.8257197696737044,0.8337811900191938,0.8422264875239923,0.8316375503935496,0.8302937224035324,0.8327317440027946,0.005432503740255752,7,,,log_loss,,,200,,,,,
8,12.857704257965088,0.05901611922560665,0.4474837303161621,0.0098320014204168,,,,,"{'criterion': 'log_loss', 'n_estimators': 300}",0.8239923224568139,0.8349328214971209,0.8406909788867563,0.8325974275292762,0.8314455749664043,0.8327318250672743,0.005408214542801064,6,,,log_loss,,,300,,,,,
0,1.5293403148651123,0.012018647928274931,0.11258873939514161,0.0052063707458205296,,,,,"{'algorithm': 'SAMME.R', 'n_estimators': 50}",0.8587332053742802,0.855278310940499,0.8683301343570058,0.8638894221539642,0.8575542330581686,0.8607570611767835,0.004723005972951356,3,,,,,,50,SAMME.R,,,,
1,3.0310604095458986,0.004955109800037058,0.2163100242614746,0.005096363764263779,,,,,"{'algorithm': 'SAMME.R', 'n_estimators': 100}",0.8637236084452975,0.8633397312859885,0.8737044145873321,0.8644653484354002,0.862545594163947,0.8655557393835931,0.004121121932265486,2,,,,,,100,SAMME.R,,,,
2,6.035647058486939,0.013712843463562692,0.4331305980682373,0.007480863148597653,,,,,"{'algorithm': 'SAMME.R', 'n_estimators': 200}",0.8646833013435701,0.865451055662188,0.8731285988483686,0.8650412747168362,0.8669610289882895,0.8670530519118504,0.0031352861438303306,1,,,,,,200,SAMME.R,,,,
3,1.4571101665496826,0.003945784003833567,0.09957141876220703,0.0053373843907255514,,,,,"{'algorithm': 'SAMME', 'n_estimators': 50}",0.8535508637236084,0.8516314779270633,0.855278310940499,0.8575542330581686,0.8496832405452102,0.8535396252389098,0.002744192387002439,6,,,,,,50,SAMME,,,,
4,2.8924017906188966,0.010754102128985688,0.18924760818481445,0.005831134904188861,,,,,"{'algorithm': 'SAMME', 'n_estimators': 100}",0.855278310940499,0.8554702495201536,0.8595009596928983,0.8575542330581686,0.8537147245152621,0.8563036955453963,0.0020117235873538804,5,,,,,,100,SAMME,,,,
5,5.817578220367432,0.08017333650390052,0.37571063041687014,0.005507188840642401,,,,,"{'algorithm': 'SAMME', 'n_estimators': 200}",0.8570057581573897,0.8547024952015355,0.8596928982725528,0.8577462084853139,0.8539066999424074,0.8566108120118399,0.002092761738033154,4,,,,,,200,SAMME,,,,
0,29.48427834510803,0.20417357512190076,2.2375038623809815,0.022792845809091255,1.0,,,,"{'C': 1.0, 'kernel': 'linear'}",0.8489443378119002,0.8506717850287908,0.8550863723608445,0.8516029948166635,0.8500671913995008,0.85127453628354,0.0020923094871252573,5,,,,,,,,linear,,,
1,24.08956160545349,0.30015396558434804,2.3303346157073976,0.023694844795199437,1.0,,,,"{'C': 1.0, 'kernel': 'poly'}",0.8506717850287908,0.8487523992322457,0.8575815738963531,0.8535227490881168,0.8475715108466116,0.8516200036184236,0.0035964796018856165,4,,,,,,,,poly,,,
2,2591.3676194667814,5130.430195352378,5.1784289360046385,0.01961095322268916,1.0,,,,"{'C': 1.0, 'kernel': 'rbf'}",0.8527831094049904,0.8539347408829174,0.8619961612284069,0.8552505279324246,0.8535227490881168,0.8554974577073713,0.00334674069742799,1,,,,,,,,rbf,,,
3,18.625016164779662,1.5794588053752041,1.4325711727142334,0.030627131700544513,1.0,,,,"{'C': 1.0, 'kernel': 'sigmoid'}",0.7850287907869482,0.7760076775431862,0.781573896353167,0.7663659051641389,0.7853714724515262,0.7788695484597934,0.00710008704137585,7,,,,,,,,sigmoid,,,
4,34.7907778263092,0.5378078603773322,2.264914083480835,0.06279878894360623,2.0,,,,"{'C': 2.0, 'kernel': 'linear'}",0.8491362763915548,0.8502879078694817,0.85489443378119,0.8516029948166635,0.8498752159723555,0.8511593657662491,0.002032186506578693,6,,,,,,,,linear,,,
5,25.683048057556153,0.2992866428062563,2.318584680557251,0.01831720908850627,2.0,,,,"{'C': 2.0, 'kernel': 'poly'}",0.8516314779270633,0.8485604606525912,0.8581573896353167,0.8512190439623728,0.8492992896909196,0.8517735323736527,0.0033919604107089385,3,,,,,,,,poly,,,
6,27.117580938339234,0.2190918915104398,5.177630186080933,0.041163541537940454,2.0,,,,"{'C': 2.0, 'kernel': 'rbf'}",0.854510556621881,0.8518234165067179,0.8602687140115163,0.8550585525052793,0.8523708965252448,0.8548064272341278,0.00299392205121417,2,,,,,,,,rbf,,,
7,19.008728790283204,2.0190441920849196,1.4381678104400635,0.07060429997612738,2.0,,,,"{'C': 2.0, 'kernel': 'sigmoid'}",0.7867562380038388,0.7752399232245681,0.7804222648752399,0.7650220771741217,0.7680936840084469,0.7751068374572432,0.0079355746460715,8,,,,,,,,sigmoid,,,
0,0.06516475677490234,0.0022855651126689113,0.016246938705444337,0.0002954152090550832,,,,,{'var_smoothing': 1e-09},0.5080614203454894,0.5293666026871401,0.5228406909788867,0.5219811864081397,0.4711076982146285,0.5106715197268569,0.020964789565969418,3,,,,,,,,,1e-09,,
1,0.06381053924560547,0.003179721698213294,0.01599464416503906,4.185766639357593e-05,,,,,{'var_smoothing': 1e-08},0.5324376199616123,0.5577735124760077,0.5420345489443378,0.5440583605298521,0.5156459973123441,0.5383900078448308,0.013956031602062201,2,,,,,,,,,1e-08,,
2,0.06381926536560059,0.0022276992171685254,0.016318130493164062,0.00047336209509626166,,,,,{'var_smoothing': 1e-07},0.5591170825335893,0.5833013435700576,0.5666026871401152,0.565751583797274,0.5500095987713572,0.5649564591624786,0.010930544621676799,1,,,,,,,,,1e-07,,
0,2.9081411361694336,0.6369418386547623,0.0091552734375,5.872651793800603e-05,,,,,"{'activation': 'identity', 'hidden_layer_sizes': 100}",0.8481765834932822,0.8470249520153551,0.8577735124760076,0.8506431176809368,0.848339412555193,0.850391515644155,0.0038731894608410554,4,,,,,,,,,,identity,100
1,4.147041463851929,0.863247581310844,0.012484884262084961,0.0009491092090377632,,,,,"{'activation': 'identity', 'hidden_layer_sizes': 200}",0.8481765834932822,0.8474088291746641,0.8560460652591171,0.8516029948166635,0.8506431176809368,0.8507755180849328,0.0030518836922150358,3,,,,,,,,,,identity,200
2,18.915900564193727,0.12415353446693944,0.013232183456420899,0.0011614129093084275,,,,,"{'activation': 'logistic', 'hidden_layer_sizes': 100}",0.854510556621881,0.8539347408829174,0.8604606525911708,0.8600499136110578,0.8600499136110578,0.857801155463617,0.0029313462378200744,2,,,,,,,,,,logistic,100
3,28.76122694015503,0.18991459718834197,0.01948823928833008,0.0004953866859107518,,,,,"{'activation': 'logistic', 'hidden_layer_sizes': 200}",0.8522072936660269,0.8575815738963531,0.8608445297504799,0.8608178153196391,0.8598579381839124,0.8582618301632824,0.0032518031575124863,1,,,,,,,,,,logistic,200
4,23.254633903503418,0.12065495092620264,0.01762690544128418,0.0004835343356139773,,,,,"{'activation': 'tanh', 'hidden_layer_sizes': 100}",0.8416506717850288,0.8466410748560461,0.8502879078694817,0.847763486273757,0.8410443463236705,0.8454774974215968,0.003578187509480723,6,,,,,,,,,,tanh,100
5,37.49615454673767,0.14524970832238973,0.028874778747558595,0.0004004946066110774,,,,,"{'activation': 'tanh', 'hidden_layer_sizes': 200}",0.844337811900192,0.8445297504798465,0.8474088291746641,0.8519869456709541,0.848339412555193,0.8473205499561699,0.0028109219558959185,5,,,,,,,,,,tanh,200
6,18.628790521621703,0.06658110598523131,0.009635448455810547,0.0005049987142127683,,,,,"{'activation': 'relu', 'hidden_layer_sizes': 100}",0.8393474088291747,0.8431861804222649,0.8437619961612284,0.8397005183336533,0.8314455749664043,0.8394883357425451,0.004397479082353055,7,,,,,,,,,,relu,100
7,27.53379807472229,0.11733038139387181,0.013841485977172852,0.00040293057570248906,,,,,"{'activation': 'relu', 'hidden_layer_sizes': 200}",0.8349328214971209,0.8295585412667946,0.8330134357005758,0.8431560760222692,0.8283739681320791,0.8338069685237679,0.005232010659230498,8,,,,,,,,,,relu,200
